run-id,crop-id,region,parameter-setting-file,calibration-target,sim.json,crop.json,site.json,start_date,end_date,sowing-date,harvest-date,groundwater-level,latitude,landcover,use_vernalisation_fix,fertilization,NitrogenResponseOn,irrigation,WaterDeficitResponseOn,CO2,O3,comment
1,DW,po_valley,phenol_1_DW.csv,SOSD|MAXD|EOSD,sim.json,crop.json,site.json,2016-01-01,2024-12-31,fixed,fixed,FALSE,TRUE,FALSE,TRUE,FALSE,TRUE,TRUE,TRUE,,,Phenology 1 for durum wheat in Po valley
2,DW,po_valley,phenol_2_DW.csv,SOSD|MAXD|EOSD,sim.json,crop.json,site.json,2016-01-01,2024-12-31,fixed,fixed,FALSE,TRUE,FALSE,TRUE,FALSE,TRUE,TRUE,TRUE,,,Phenology 2 for durum wheat in Po valley
3,DW,po_valley,phenol_3_DW.csv,SOSD|MAXD|EOSD,sim.json,crop.json,site.json,2016-01-01,2024-12-31,fixed,fixed,FALSE,TRUE,FALSE,TRUE,FALSE,TRUE,TRUE,TRUE,,,Phenology 3 for durum wheat in Po valley
4,DW,po_valley,phenol_4_DW.csv,SOSD|MAXD|EOSD,sim.json,crop.json,site.json,2016-01-01,2024-12-31,fixed,fixed,FALSE,TRUE,FALSE,TRUE,FALSE,TRUE,TRUE,TRUE,,,Phenology 4 for durum wheat in Po valley
5,DW,po_valley,growth_1_DW.csv,yield,sim.json,crop.json,site.json,2014-01-01,2022-12-31,fixed,fixed,FALSE,TRUE,FALSE,TRUE,FALSE,TRUE,TRUE,TRUE,,,Growth 1 for durum wheat in Po valley
6,DW,po_valley,growth_2_DW.csv,yield,sim.json,crop.json,site.json,2014-01-01,2022-12-31,fixed,fixed,FALSE,TRUE,FALSE,TRUE,FALSE,TRUE,TRUE,TRUE,,,Growth 2 for durum wheat in Po valley
7,DW,ebro_valley,phenol_1_DW.csv,SOSD|MAXD|EOSD,sim.json,crop.json,site.json,2016-01-01,2024-12-31,fixed,fixed,FALSE,TRUE,FALSE,TRUE,FALSE,TRUE,TRUE,TRUE,,,Phenology 1 for durum wheat in Ebro valley
8,DW,ebro_valley,phenol_2_DW.csv,SOSD|MAXD|EOSD,sim.json,crop.json,site.json,2016-01-01,2024-12-31,fixed,fixed,FALSE,TRUE,FALSE,TRUE,FALSE,TRUE,TRUE,TRUE,,,Phenology 2 for durum wheat in Ebro valley
9,DW,ebro_valley,phenol_3_DW.csv,SOSD|MAXD|EOSD,sim.json,crop.json,site.json,2016-01-01,2024-12-31,fixed,fixed,FALSE,TRUE,FALSE,TRUE,FALSE,TRUE,TRUE,TRUE,,,Phenology 3 for durum wheat in Ebro valley
10,DW,ebro_valley,phenol_4_DW.csv,SOSD|MAXD|EOSD,sim.json,crop.json,site.json,2016-01-01,2024-12-31,fixed,fixed,FALSE,TRUE,FALSE,TRUE,FALSE,TRUE,TRUE,TRUE,,,Phenology 4 for durum wheat in Ebro valley
11,DW,ebro_valley,growth_1_DW.csv,yield,sim.json,crop.json,site.json,2014-01-01,2021-12-31,fixed,fixed,FALSE,TRUE,FALSE,TRUE,FALSE,TRUE,TRUE,TRUE,,,Growth 1 for durum wheat in Ebro valley
12,DW,ebro_valley,growth_2_DW.csv,yield,sim.json,crop.json,site.json,2014-01-01,2021-12-31,fixed,fixed,FALSE,TRUE,FALSE,TRUE,FALSE,TRUE,TRUE,TRUE,,,Growth 2 for durum wheat in Ebro valley
13,WB,po_valley,phenol_1_WB.csv,SOSD|MAXD|EOSD,sim.json,crop.json,site.json,2016-01-01,2024-12-31,fixed,fixed,FALSE,TRUE,FALSE,TRUE,FALSE,TRUE,TRUE,TRUE,,,Phenology 1 for winter barley in Po valley
14,WB,po_valley,phenol_2_WB.csv,SOSD|MAXD|EOSD,sim.json,crop.json,site.json,2016-01-01,2024-12-31,fixed,fixed,FALSE,TRUE,FALSE,TRUE,FALSE,TRUE,TRUE,TRUE,,,Phenology 2 for winter barley in Po valley
15,WB,po_valley,phenol_3_WB.csv,SOSD|MAXD|EOSD,sim.json,crop.json,site.json,2016-01-01,2024-12-31,fixed,fixed,FALSE,TRUE,FALSE,TRUE,FALSE,TRUE,TRUE,TRUE,,,Phenology 3 for winter barley in Po valley
16,WB,po_valley,phenol_4_WB.csv,SOSD|MAXD|EOSD,sim.json,crop.json,site.json,2016-01-01,2024-12-31,fixed,fixed,FALSE,TRUE,FALSE,TRUE,FALSE,TRUE,TRUE,TRUE,,,Phenology 4 for winter barley in Po valley
17,WB,po_valley,growth_1_WB.csv,yield,sim.json,crop.json,site.json,2015-01-01,2020-12-31,fixed,fixed,FALSE,TRUE,FALSE,TRUE,FALSE,TRUE,TRUE,TRUE,,,Growth 1 for winter barley in Po valley
18,WB,po_valley,growth_2_WB.csv,yield,sim.json,crop.json,site.json,2015-01-01,2020-12-31,fixed,fixed,FALSE,TRUE,FALSE,TRUE,FALSE,TRUE,TRUE,TRUE,,,Growth 2 for winter barley in Po valley
19,WB,ebro_valley,phenol_1_WB.csv,SOSD|MAXD|EOSD,sim.json,crop.json,site.json,2016-01-01,2024-12-31,fixed,fixed,FALSE,TRUE,FALSE,TRUE,FALSE,TRUE,TRUE,TRUE,,,Phenology 1 for winter barley in Ebro valley
20,WB,ebro_valley,phenol_2_WB.csv,SOSD|MAXD|EOSD,sim.json,crop.json,site.json,2016-01-01,2024-12-31,fixed,fixed,FALSE,TRUE,FALSE,TRUE,FALSE,TRUE,TRUE,TRUE,,,Phenology 2 for winter barley in Ebro valley
21,WB,ebro_valley,phenol_3_WB.csv,SOSD|MAXD|EOSD,sim.json,crop.json,site.json,2016-01-01,2024-12-31,fixed,fixed,FALSE,TRUE,FALSE,TRUE,FALSE,TRUE,TRUE,TRUE,,,Phenology 3 for winter barley in Ebro valley
22,WB,ebro_valley,phenol_4_WB.csv,SOSD|MAXD|EOSD,sim.json,crop.json,site.json,2016-01-01,2024-12-31,fixed,fixed,FALSE,TRUE,FALSE,TRUE,FALSE,TRUE,TRUE,TRUE,,,Phenology 4 for winter barley in Ebro valley
23,WB,ebro_valley,growth_1_WB.csv,yield,sim.json,crop.json,site.json,2014-01-01,2021-12-31,fixed,fixed,FALSE,TRUE,FALSE,TRUE,FALSE,TRUE,TRUE,TRUE,,,Growth 1 for winter barley in Ebro valley
24,WB,ebro_valley,growth_2_WB.csv,yield,sim.json,crop.json,site.json,2014-01-01,2021-12-31,fixed,fixed,FALSE,TRUE,FALSE,TRUE,FALSE,TRUE,TRUE,TRUE,,,Growth 2 for winter barley in Ebro valley
