"REGION","2017","2018","2019","2020","2021","2022","2023","2024","region_id"
"ITC18",155,154,150,153,146,121,132,146,770
"ITC46",159,143,137,137,137,116,123,142,780
"ITC47",145,131,135,130,139,133,137,139,781
"ITC48",174,167,155,151,164,122,142,175,782
"ITC49",163,142,143,140,125,124,123,131,783
"ITC4A",144,134,136,121,131,125,130,129,784
"ITC4B",153,137,138,132,147,129,141,140,785
"ITC4C",180,144,143,150,145,114,121,153,786
"ITC4D",186,169,161,184,149,123,155,173,787
"ITH31",157,142,141,141,147,127,147,156,956
"ITH32",185,161,143,142,144,116,149,176,957
"ITH35",170,123,150,136,147,117,124,128,960
"ITH36",180,161,157,149,145,116,144,175,961
"ITH37",173,152,139,140,151,122,147,157,962
"ITH51",142,143,144,132,149,122,131,144,967
"ITH52",121,136,129,126,133,127,130,130,968
"ITH53",121,139,131,140,138,130,142,127,969
"ITH54",154,139,143,141,145,131,130,122,970
"ITH55",137,141,135,127,133,125,146,134,971
"ITH56",154,147,147,141,144,141,133,135,972
"ITH57",140,146,140,144,133,134,137,132,973
"ITI11",122,142,159,131,156,141,141,130,976
